{"cameraMode":{"drawMode":0,"name":"Shaded","section":"Shading Mode"},"sceneLighting":true,"audioPlay":false,"sceneViewState":{"m_AlwaysRefresh":false,"showFog":true,"showSkybox":true,"showFlares":true,"showImageEffects":true,"showParticleSystems":true,"showVisualEffectGraphs":true,"m_FxEnabled":true},"in2DMode":false,"pivot":{"x":0.6678345799446106,"y":1.7801289558410645,"z":-9.329957962036133},"rotation":{"x":-0.3269917070865631,"y":-0.23164759576320649,"z":0.08301439136266709,"w":-0.9124429821968079},"size":0.7218242883682251,"orthographic":false}