{"cameraMode":{"drawMode":0,"name":"Shaded","section":"Shading Mode"},"sceneLighting":true,"audioPlay":false,"sceneViewState":{"m_AlwaysRefresh":false,"showFog":true,"showSkybox":true,"showFlares":true,"showImageEffects":true,"showParticleSystems":true,"showVisualEffectGraphs":true,"m_FxEnabled":true},"in2DMode":false,"pivot":{"x":-1.3189702033996583,"y":0.943915605545044,"z":-11.844281196594239},"rotation":{"x":-0.1697511523962021,"y":-0.10369425266981125,"z":0.01796177215874195,"w":-0.9798599481582642},"size":0.7218242883682251,"orthographic":false}